{
  "n_com": {
    "arch_median": 14,
    "ord_median": 11.0,
    "p": 0.0004263667695444193,
    "n_arch": 323,
    "n_ord": 400
  },
  "t_open": {
    "arch_median": 4.639884259259259,
    "ord_median": 2.146070601851852,
    "p": 0.0015817719848657862,
    "n_arch": 323,
    "n_ord": 400
  },
  "t_res": {
    "arch_median": 30.233159722222222,
    "ord_median": 15.513547453703703,
    "p": 0.00027809325112914204,
    "n_arch": 323,
    "n_ord": 400
  },
  "n_part": {
    "arch_median": 3,
    "ord_median": 3.0,
    "p": 0.17601959918636922,
    "n_arch": 323,
    "n_ord": 400
  }
}